wildtype,mutation,score
A,C,-0.766017533220752
A,D,-0.14885949177829513
A,E,-0.370720641616973
A,F,-0.3636068905803378
A,G,-0.6363585853711252
A,H,-0.35737513538704274
A,I,-0.4459452061124275
A,K,-0.2911559471704079
A,L,-0.42277935608450506
A,M,-0.6420366254841977
A,N,-0.3940908265681413
A,P,0.10690130099581842
A,Q,-0.41290991057099247
A,R,-0.18540358236497181
A,S,-0.8111763922206598
A,T,-0.6781379714102322
A,V,-0.6792071352149399
A,W,-0.16226364366092863
A,Y,-0.3232266950363918
C,A,-0.44892278338453123
C,D,0.7785901637314427
C,E,0.8249087339145031
C,F,0.246482185168326
C,G,0.18718234087163832
C,H,0.612081017004996
C,I,-0.011124829264538024
C,K,0.726961709164316
C,L,0.019482030948059482
C,M,-0.14206717291671214
C,N,0.2728042277642086
C,P,1.4274112706209792
C,Q,0.35373098958809307
C,R,0.7250378110187967
C,S,-0.29024430074593116
C,T,-0.19356614381549128
C,V,-0.17478699167264466
C,W,0.7521640171543931
C,Y,0.1937716025061233
D,A,-0.5803546910150897
D,C,-0.5189216369729718
D,E,-0.7984601424133182
D,F,-0.20937223612142336
D,G,-0.45733418122431474
D,H,-0.5851255738673374
D,I,-0.12703422259499797
D,K,-0.33142340671268933
D,L,-0.14659028964645104
D,M,-0.39691913161701275
D,N,-0.7351496419767098
D,P,0.12521051101145317
D,Q,-0.5838165799805359
D,R,-0.18443255075911444
D,S,-0.6051569151273178
D,T,-0.45879912732618017
D,V,-0.23095355173089052
D,W,-0.23146019220866026
D,Y,-0.27706048157748675
E,A,-0.8219804956600125
E,C,-0.7366013093956965
E,D,-0.8016618735510328
E,F,-0.6083496124222226
E,G,-0.5695641255851176
E,H,-0.7004311223194567
E,I,-0.6864120965847633
E,K,-0.6359152071575241
E,L,-0.6850611654059479
E,M,-0.8095817708328006
E,N,-0.6595270896581885
E,P,-0.04151264361076886
E,Q,-0.8907465892155195
E,R,-0.485365260495999
E,S,-0.7194712580907804
E,T,-0.693722703635859
E,V,-0.6660711838407788
E,W,-0.5113037983345454
E,Y,-0.6567901416400012
F,A,0.07299918378867397
F,C,-0.2274141383543458
F,D,1.3551393254253739
F,E,0.9912610806939659
F,G,0.7195098815716032
F,H,0.039088806183102814
F,I,-0.25293922212857994
F,K,0.8346736901639598
F,L,-0.4127778357796418
F,M,-0.42503862015135385
F,N,0.4417773777230438
F,P,1.9051779168933354
F,Q,0.4031121580171023
F,R,1.2303268649995085
F,S,0.1912081037768223
F,T,0.2662015128778019
F,V,-0.18171136647016145
F,W,-0.5473326478063095
F,Y,-0.6343450026093407
G,A,-0.5654658450914233
G,C,-0.1944277320579378
G,D,-0.12685120351527726
G,E,-0.13970736174613937
G,F,0.0771213034227478
G,H,-0.18106539300742058
G,I,0.31964526144017236
G,K,0.025881540491383064
G,L,0.12069716182699707
G,M,-0.18182741571981803
G,N,-0.24782391341795823
G,P,0.4864085211944382
G,Q,-0.21708698508263366
G,R,-0.010199167554091062
G,S,-0.4368597231501385
G,T,-0.1024487999258096
G,V,0.17397068774439717
G,W,0.28210335374936285
G,Y,0.09326963692287027
H,A,-0.6802239066452217
H,C,-0.5752865857992676
H,D,-0.45710096772474745
H,E,-0.5143386262619017
H,F,-0.6701141234216849
H,G,-0.3214429124732851
H,I,-0.43181251206483234
H,K,-0.5449291475258935
H,L,-0.45559418078633507
H,M,-0.6572674508860674
H,N,-0.6449867918380887
H,P,0.3023794686602375
H,Q,-0.7327976523847273
H,R,-0.5548472589286207
H,S,-0.6337265327848937
H,T,-0.6101060922431141
H,V,-0.4736723418075012
H,W,-0.5752718286842077
H,Y,-0.6966970721369455
I,A,-0.22209215687402353
I,C,-0.507042630629971
I,D,1.0683396776696197
I,E,0.637825870850857
I,F,-0.44671839501968097
I,G,0.5242215366973355
I,H,0.20984588606237004
I,K,0.3846116053982157
I,L,-0.9522891684987624
I,M,-0.7710703134429273
I,N,0.15036427529166999
I,P,1.3387108278345083
I,Q,0.08711293116304067
I,R,0.7173168505074968
I,S,0.012993931687631678
I,T,-0.5026167417518815
I,V,-1.0342014080070485
I,W,0.032671057601912336
I,Y,-0.004762340306211346
K,A,-0.8557603385021448
K,C,-0.7420300263645084
K,D,-0.4302847370578527
K,E,-0.6971714023874678
K,F,-0.6275633508456769
K,G,-0.45600377925521557
K,H,-0.8006900695219106
K,I,-0.6953610130052755
K,L,-0.7676608886540235
K,M,-0.8580169754343012
K,N,-0.6965345262628538
K,P,0.12691281407443086
K,Q,-0.8779684251053993
K,R,-1.0914191694038433
K,S,-0.7357198178602606
K,T,-0.764896360509067
K,V,-0.6858900263348038
K,W,-0.4282103360925292
K,Y,-0.6733491206072426
L,A,-0.16532741491469455
L,C,-0.41631021519406197
L,D,0.8837227191741323
L,E,0.48554611119321794
L,F,-0.5160949068990597
L,G,0.5735960556646545
L,H,0.23347062042257102
L,I,-0.8475359686207139
L,K,0.5533586506147893
L,M,-0.7761761952190565
L,N,0.29181447466330446
L,P,0.8550797099507212
L,Q,0.08487928883173088
L,R,0.6127347767848209
L,S,0.11137989285790097
L,T,-0.19019564745815812
L,V,-0.7102268247490525
L,W,0.0766272879768704
L,Y,-0.055815899046075056
M,A,-0.3992760647830701
M,C,-0.5029713927842345
M,D,0.4336987882928914
M,E,0.0971400846367645
M,F,-0.5769235844647218
M,G,0.04915467341194902
M,H,0.008497808149632712
M,I,-0.7166717799302801
M,K,-0.1172068216799956
M,L,-0.9533892446145555
M,N,-0.0021676724945557087
M,P,1.045753896644855
M,Q,-0.29799194483612235
M,R,0.1806077543646868
M,S,-0.1849741219157294
M,T,-0.4785016515734299
M,V,-0.702064742489065
M,W,-0.05529744421085182
M,Y,-0.21979466616089413
N,A,-0.7962723200051095
N,C,-0.7347877260362239
N,D,-0.8199623860249756
N,E,-0.6207111974142882
N,F,-0.4718270726857406
N,G,-0.6128344683586083
N,H,-0.7879338368930412
N,I,-0.44414290972305487
N,K,-0.7302822385548978
N,L,-0.5494986675531625
N,M,-0.7552668241188052
N,P,0.24241187272941345
N,Q,-0.8376157429658994
N,R,-0.5929565913680523
N,S,-0.9453213304832427
N,T,-0.770233165695994
N,V,-0.45252362670310375
N,W,-0.4398703350341467
N,Y,-0.6010403365764609
P,A,-0.6503422579723848
P,C,-0.503265489357211
P,D,-0.3349011669523311
P,E,-0.38250208738344177
P,F,-0.2607250406896908
P,G,-0.38284872536077164
P,H,-0.3655281864904565
P,I,-0.40326530296588786
P,K,-0.44464630849740805
P,L,-0.29721756152168183
P,M,-0.4819078583548858
P,N,-0.45135873146126515
P,Q,-0.46950768094151724
P,R,-0.29860206569161113
P,S,-0.5639599315797038
P,T,-0.4298717520892896
P,V,-0.503859910000692
P,W,-0.13144788295069412
P,Y,-0.30974406164860085
Q,A,-0.8659597695167286
Q,C,-0.7973331928303251
Q,D,-0.5626317814055436
Q,E,-0.8861311174306662
Q,F,-0.6832983641570041
Q,G,-0.5070747296317101
Q,H,-0.7614832957800481
Q,I,-0.8035528470394648
Q,K,-0.8159400493172237
Q,L,-0.7556349264381168
Q,M,-0.966016376983049
Q,N,-0.8077002434313613
Q,P,-0.0036050283403225147
Q,R,-0.770584665198059
Q,S,-0.8068823124040644
Q,T,-0.7765351883546235
Q,V,-0.7418834358663448
Q,W,-0.5599534434234434
Q,Y,-0.6458762778947262
R,A,-0.4699047127356196
R,C,-0.39063259728745153
R,D,-0.004242669731741492
R,E,-0.17767051389522584
R,F,-0.23666987027012598
R,G,-0.21655494754853963
R,H,-0.5413055896599441
R,I,-0.3527158099262083
R,K,-0.893075970194541
R,L,-0.42164772061101147
R,M,-0.5605618446410143
R,N,-0.40437711533182336
R,P,0.8243192806507181
R,Q,-0.5963171915686536
R,S,-0.462177458297282
R,T,-0.41443560185968187
R,V,-0.3506848118936111
R,W,-0.1455447800411177
R,Y,-0.28208938931122784
S,A,-0.9679478029161775
S,C,-0.8081268123591382
S,D,-0.6104934437887828
S,E,-0.6512079037033893
S,F,-0.513542949360553
S,G,-0.7778508333071378
S,H,-0.6868006331786746
S,I,-0.5179827695189936
S,K,-0.6491368993374464
S,L,-0.5192379963346259
S,M,-0.7148696517758534
S,N,-0.8748709058721033
S,P,-0.14298953627140626
S,Q,-0.7343096695273672
S,R,-0.5693117539248065
S,T,-0.9461954446155891
S,V,-0.6140065168866669
S,W,-0.36344402517648877
S,Y,-0.4851181133596812
T,A,-0.82181227852794
T,C,-0.8164012117325172
T,D,-0.26819820102010056
T,E,-0.4498016716549061
T,F,-0.4852982433405896
T,G,-0.4541659230424494
T,H,-0.5265883756543533
T,I,-0.7105739967348107
T,K,-0.4854235273342968
T,L,-0.6165413133369435
T,M,-0.743658943030396
T,N,-0.6208018721346339
T,P,0.09113760385180007
T,Q,-0.6206691257028523
T,R,-0.45221090325566043
T,S,-0.9558148147739027
T,V,-0.811951812028212
T,W,-0.3653726513878393
T,Y,-0.5170562775635333
V,A,-0.5578570672658869
V,C,-0.7038877179564911
V,D,0.6139155120434449
V,E,0.3160277137033984
V,F,-0.32764370184178143
V,G,0.32926915255711003
V,H,0.13876036480344361
V,I,-1.069368727775042
V,K,0.3589770797481985
V,L,-0.7193576058380515
V,M,-0.5974840935214643
V,N,0.11761237186091075
V,P,0.7737842751059282
V,Q,0.05510771122355578
V,R,0.48904906927059627
V,S,-0.14799080013616536
V,T,-0.6031947715017112
V,W,0.005044769949028703
V,Y,-0.061422500895060135
W,A,0.6861916729681594
W,C,0.2878509123787983
W,D,2.003605942498222
W,E,1.1978509420293542
W,F,-0.458722410948838
W,G,1.1151715598420373
W,H,0.42133151083727194
W,I,0.5597068184525317
W,K,1.337904481398099
W,L,0.23859443238621586
W,M,0.06642212965302664
W,N,0.9340897719040547
W,P,2.560171760555225
W,Q,1.106111927182805
W,R,0.8226819962613234
W,S,0.7816025363589155
W,T,0.777193892660259
W,V,0.5631174961175028
W,Y,-0.3564587501373443
Y,A,0.009440715285111239
Y,C,-0.21846910122814034
Y,D,0.4179887317052877
Y,E,0.39979114354687806
Y,F,-0.8681447315255607
Y,G,0.5052150618893224
Y,H,-0.48236335834754146
Y,I,-0.13413873340550395
Y,K,0.3037876657407076
Y,L,-0.2950589638768785
Y,M,-0.3758623663000805
Y,N,-0.0022761809697291334
Y,P,1.476092727305799
Y,Q,0.014269530537539054
Y,R,0.27764335136036694
Y,S,0.07135476222622127
Y,T,0.04611585137061749
Y,V,-0.11751113145495136
Y,W,-0.6851807075516025
