wildtype,mutation,mu,sa
A,C,-2.339765849306888,-1.1974823797416612
A,D,-1.8233335376105304,-1.1974823797416612
A,E,-1.9687247154777345,-1.1974823797416612
A,F,-1.98966151922216,-1.1974823797416612
A,G,-2.2302634665489154,-1.1974823797416612
A,H,-1.9643441969259527,-1.1974823797416612
A,I,-2.062530954543484,-1.1974823797416612
A,K,-1.9067582235859908,-1.1974823797416612
A,L,-2.043486709935634,-1.1974823797416612
A,M,-2.1978553434463945,-1.1974823797416612
A,N,-1.9897069479675595,-1.1974823797416612
A,P,-1.6832419129817675,-1.1974823797416612
A,Q,-2.0056125897515633,-1.1974823797416612
A,R,-1.8384158696927346,-1.1974823797416612
A,S,-2.372721584217964,-1.1974823797416612
A,T,-2.2466833095385463,-1.1974823797416612
A,V,-2.2607997823491117,-1.1974823797416612
A,W,-1.8471417525807554,-1.1974823797416612
A,Y,-1.9581732571733972,-1.1974823797416612
C,A,-2.24901599343817,-1.1974823797416612
C,D,-1.518048324940153,-1.1974823797416612
C,E,-1.4992734802823802,-1.1974823797416612
C,F,-1.8014873984476274,-1.1974823797416612
C,G,-1.8177393721642998,-1.1974823797416612
C,H,-1.594650736619203,-1.1974823797416612
C,I,-1.9646564720261324,-1.1974823797416612
C,K,-1.5418593291126126,-1.1974823797416612
C,L,-1.9154312403614624,-1.1974823797416612
C,M,-2.031071906455111,-1.1974823797416612
C,N,-1.7924372110093474,-1.1974823797416612
C,P,-1.3046669064624847,-1.1974823797416612
C,Q,-1.724402937037059,-1.1974823797416612
C,R,-1.552909106072689,-1.1974823797416612
C,S,-2.1261273436033683,-1.1974823797416612
C,T,-2.0632968232519002,-1.1974823797416612
C,V,-2.0631788817848395,-1.1974823797416612
C,W,-1.539792293332276,-1.1974823797416612
C,Y,-1.8251279899927264,-1.1974823797416612
D,A,-1.9660251151754862,-1.1974823797416612
D,C,-1.934635386821192,-1.1974823797416612
D,E,-2.135249330900618,-1.1974823797416612
D,F,-1.7124942812945672,-1.1974823797416612
D,G,-1.8574914163754697,-1.1974823797416612
D,H,-1.9613875134238352,-1.1974823797416612
D,I,-1.6661691956524043,-1.1974823797416612
D,K,-1.7738416372168295,-1.1974823797416612
D,L,-1.6727510599415703,-1.1974823797416612
D,M,-1.8392491970183749,-1.1974823797416612
D,N,-2.085322315603586,-1.1974823797416612
D,P,-1.4782212597765216,-1.1974823797416612
D,Q,-1.9638041172282488,-1.1974823797416612
D,R,-1.6787085958545591,-1.1974823797416612
D,S,-1.9931119465850513,-1.1974823797416612
D,T,-1.8821451139757746,-1.1974823797416612
D,V,-1.7138945818588938,-1.1974823797416612
D,W,-1.7197702888255446,-1.1974823797416612
D,Y,-1.7567991721649314,-1.1974823797416612
E,A,-2.122787265081267,-1.1974823797416612
E,C,-2.055830536225495,-1.1974823797416612
E,D,-2.095153084611612,-1.1974823797416612
E,F,-1.9530492034061104,-1.1974823797416612
E,G,-1.9133049179978316,-1.1974823797416612
E,H,-2.0178848073717615,-1.1974823797416612
E,I,-2.008540577857972,-1.1974823797416612
E,K,-1.9600870233752912,-1.1974823797416612
E,L,-2.014115037528034,-1.1974823797416612
E,M,-2.11338593720243,-1.1974823797416612
E,N,-1.9766347412372192,-1.1974823797416612
E,P,-1.524209616933631,-1.1974823797416612
E,Q,-2.1833656882653423,-1.1974823797416612
E,R,-1.8460588503556057,-1.1974823797416612
E,S,-2.0332587552190504,-1.1974823797416612
E,T,-2.0127185382214825,-1.1974823797416612
E,V,-1.9948487224890745,-1.1974823797416612
E,W,-1.8886060520707266,-1.1974823797416612
E,Y,-1.9842371571527668,-1.1974823797416612
F,A,-1.797900499176176,-1.1974823797416612
F,C,-2.026276432721239,-1.1974823797416612
F,D,-1.2640907446562768,-1.1974823797416612
F,E,-1.3715140307297102,-1.1974823797416612
F,G,-1.4816011650453769,-1.1974823797416612
F,H,-1.8320998859046072,-1.1974823797416612
F,I,-2.021180259786579,-1.1974823797416612
F,K,-1.4294594502112226,-1.1974823797416612
F,L,-2.1490306273505295,-1.1974823797416612
F,M,-2.1517029758367494,-1.1974823797416612
F,N,-1.6030322499464196,-1.1974823797416612
F,P,-1.1275751224709099,-1.1974823797416612
F,Q,-1.6099429089750514,-1.1974823797416612
F,R,-1.3166543113134879,-1.1974823797416612
F,S,-1.744947418078114,-1.1974823797416612
F,T,-1.6980762328451184,-1.1974823797416612
F,V,-1.9830831416191055,-1.1974823797416612
F,W,-2.2283639903623604,-1.1974823797416612
F,Y,-2.32908639937948,-1.1974823797416612
G,A,-2.119248580184483,-1.1974823797416612
G,C,-1.841449928527843,-1.1974823797416612
G,D,-1.75924737075133,-1.1974823797416612
G,E,-1.7713789651319856,-1.1974823797416612
G,F,-1.660260473935774,-1.1974823797416612
G,H,-1.8010732593111234,-1.1974823797416612
G,I,-1.5440265729263098,-1.1974823797416612
G,K,-1.6730927956044856,-1.1974823797416612
G,L,-1.636159183206279,-1.1974823797416612
G,M,-1.8233573629575257,-1.1974823797416612
G,N,-1.8411083790506677,-1.1974823797416612
G,P,-1.433315236878124,-1.1974823797416612
G,Q,-1.8263407817517823,-1.1974823797416612
G,R,-1.686296742518876,-1.1974823797416612
G,S,-2.0086748496151645,-1.1974823797416612
G,T,-1.7807407543191123,-1.1974823797416612
G,V,-1.6207831381782163,-1.1974823797416612
G,W,-1.552253395232518,-1.1974823797416612
G,Y,-1.6505912843363821,-1.1974823797416612
H,A,-2.1137013546985903,-1.1974823797416612
H,C,-2.044331242118285,-1.1974823797416612
H,D,-1.9340607936748468,-1.1974823797416612
H,E,-1.9804945480925726,-1.1974823797416612
H,F,-2.1395613819181953,-1.1974823797416612
H,G,-1.8253554621348782,-1.1974823797416612
H,I,-1.9419551958100898,-1.1974823797416612
H,K,-1.998122939743587,-1.1974823797416612
H,L,-1.961745348078579,-1.1974823797416612
H,M,-2.124480116637504,-1.1974823797416612
H,N,-2.1128881583561943,-1.1974823797416612
H,P,-1.4761123892150572,-1.1974823797416612
H,Q,-2.1760011510839674,-1.1974823797416612
H,R,-2.009959867268955,-1.1974823797416612
H,S,-2.074895019129588,-1.1974823797416612
H,T,-2.0630249572883046,-1.1974823797416612
H,V,-1.969293965310623,-1.1974823797416612
H,W,-2.0604535132583552,-1.1974823797416612
H,Y,-2.1730899395065078,-1.1974823797416612
I,A,-2.0108517693953276,-1.1974823797416612
I,C,-2.2423990931909645,-1.1974823797416612
I,D,-1.3788492034734456,-1.1974823797416612
I,E,-1.5339597600964667,-1.1974823797416612
I,F,-2.1789612413207076,-1.1974823797416612
I,G,-1.5880676516088124,-1.1974823797416612
I,H,-1.753290190083695,-1.1974823797416612
I,K,-1.6454721482949284,-1.1974823797416612
I,L,-2.5837858301084387,-1.1974823797416612
I,M,-2.4331337367142973,-1.1974823797416612
I,N,-1.7884694713399365,-1.1974823797416612
I,P,-1.2934668156188376,-1.1974823797416612
I,Q,-1.8198145455281516,-1.1974823797416612
I,R,-1.5074712388977622,-1.1974823797416612
I,S,-1.86774780191234,-1.1974823797416612
I,T,-2.2146725445796327,-1.1974823797416612
I,V,-2.6572363825761576,-1.1974823797416612
I,W,-1.8515407831468509,-1.1974823797416612
I,Y,-1.8728664716797665,-1.1974823797416612
K,A,-2.1011255265831474,-1.1974823797416612
K,C,-2.0225136507044184,-1.1974823797416612
K,D,-1.7610282540277733,-1.1974823797416612
K,E,-1.9598457262590865,-1.1974823797416612
K,F,-1.933808571706098,-1.1974823797416612
K,G,-1.784160292151828,-1.1974823797416612
K,H,-2.062510623420797,-1.1974823797416612
K,I,-1.9887761537792465,-1.1974823797416612
K,L,-2.047824982842319,-1.1974823797416612
K,M,-2.1250423379930585,-1.1974823797416612
K,N,-1.9697834339624811,-1.1974823797416612
K,P,-1.4136592688347074,-1.1974823797416612
K,Q,-2.120237720863356,-1.1974823797416612
K,R,-2.307272745380866,-1.1974823797416612
K,S,-2.001416621940777,-1.1974823797416612
K,T,-2.02977160439487,-1.1974823797416612
K,V,-1.976137856433121,-1.1974823797416612
K,W,-1.7904228427011557,-1.1974823797416612
K,Y,-1.9769150787699223,-1.1974823797416612
L,A,-1.9378152815152767,-1.1974823797416612
L,C,-2.1371749501484385,-1.1974823797416612
L,D,-1.3703175307733129,-1.1974823797416612
L,E,-1.5391542457300644,-1.1974823797416612
L,F,-2.192160361124079,-1.1974823797416612
L,G,-1.5035072712598367,-1.1974823797416612
L,H,-1.684410879962471,-1.1974823797416612
L,I,-2.4769102251914017,-1.1974823797416612
L,K,-1.5160815933734861,-1.1974823797416612
L,M,-2.418247601337252,-1.1974823797416612
L,N,-1.6537517557546044,-1.1974823797416612
L,P,-1.400030116845452,-1.1974823797416612
L,Q,-1.7743761692188296,-1.1974823797416612
L,R,-1.498161636345785,-1.1974823797416612
L,S,-1.7470953194085657,-1.1974823797416612
L,T,-1.9510233554704046,-1.1974823797416612
L,V,-2.3632097168583317,-1.1974823797416612
L,W,-1.7817253723498137,-1.1974823797416612
L,Y,-1.8659261545784613,-1.1974823797416612
M,A,-2.078137867971776,-1.1974823797416612
M,C,-2.166057351948648,-1.1974823797416612
M,D,-1.5413716572690015,-1.1974823797416612
M,E,-1.716835644890405,-1.1974823797416612
M,F,-2.2279271384334334,-1.1974823797416612
M,G,-1.7619932879213651,-1.1974823797416612
M,H,-1.8050468909648003,-1.1974823797416612
M,I,-2.3422221376428816,-1.1974823797416612
M,K,-1.8639090440831836,-1.1974823797416612
M,L,-2.545653909717787,-1.1974823797416612
M,N,-1.7966446810496801,-1.1974823797416612
M,P,-1.3164639860154796,-1.1974823797416612
M,Q,-1.9884091674354236,-1.1974823797416612
M,R,-1.6801633829505713,-1.1974823797416612
M,S,-1.9090459895204959,-1.1974823797416612
M,T,-2.138684242702692,-1.1974823797416612
M,V,-2.3364073424505563,-1.1974823797416612
M,W,-1.8452305715751465,-1.1974823797416612
M,Y,-1.958544387814422,-1.1974823797416612
N,A,-2.1209245953778657,-1.1974823797416612
N,C,-2.0898613902687275,-1.1974823797416612
N,D,-2.1220208368980877,-1.1974823797416612
N,E,-1.9698797838779916,-1.1974823797416612
N,F,-1.8856272829665521,-1.1974823797416612
N,G,-1.9604663232168356,-1.1974823797416612
N,H,-2.1229353727256686,-1.1974823797416612
N,I,-1.8693200655294493,-1.1974823797416612
N,K,-2.0487522562569316,-1.1974823797416612
N,L,-1.9304102166217572,-1.1974823797416612
N,M,-2.0962288426325437,-1.1974823797416612
N,P,-1.415811039479429,-1.1974823797416612
N,Q,-2.1447277142923555,-1.1974823797416612
N,R,-1.944084308020056,-1.1974823797416612
N,S,-2.251807772919719,-1.1974823797416612
N,T,-2.110199970289139,-1.1974823797416612
N,V,-1.8729286683869937,-1.1974823797416612
N,W,-1.8605797823612762,-1.1974823797416612
N,Y,-1.9777890110629779,-1.1974823797416612
P,A,-2.0816266837251662,-1.1974823797416612
P,C,-1.9711671883270245,-1.1974823797416612
P,D,-1.8167799004595897,-1.1974823797416612
P,E,-1.8538118848296599,-1.1974823797416612
P,F,-1.7721097386060531,-1.1974823797416612
P,G,-1.8701790768332485,-1.1974823797416612
P,H,-1.8589449943886691,-1.1974823797416612
P,I,-1.8839560091233714,-1.1974823797416612
P,K,-1.8851083061656513,-1.1974823797416612
P,L,-1.8109465940060088,-1.1974823797416612
P,M,-1.9312104886792647,-1.1974823797416612
P,N,-1.9107606578930605,-1.1974823797416612
P,Q,-1.9143236393142096,-1.1974823797416612
P,R,-1.7811831789999493,-1.1974823797416612
P,S,-2.0062490989919075,-1.1974823797416612
P,T,-1.9072423177969662,-1.1974823797416612
P,V,-1.967984110165888,-1.1974823797416612
P,W,-1.6971179792620932,-1.1974823797416612
P,Y,-1.814213193828009,-1.1974823797416612
Q,A,-2.221438318439092,-1.1974823797416612
Q,C,-2.1796772095057397,-1.1974823797416612
Q,D,-1.970314532475014,-1.1974823797416612
Q,E,-2.2289297225861913,-1.1974823797416612
Q,F,-2.0777009644989652,-1.1974823797416612
Q,G,-1.9384953833761698,-1.1974823797416612
Q,H,-2.1489315082777236,-1.1974823797416612
Q,I,-2.1868114632089055,-1.1974823797416612
Q,K,-2.1781053875768617,-1.1974823797416612
Q,L,-2.1412657107736055,-1.1974823797416612
Q,M,-2.3255573211975897,-1.1974823797416612
Q,N,-2.1737827106973935,-1.1974823797416612
Q,P,-1.5937428874160549,-1.1974823797416612
Q,R,-2.14144635157874,-1.1974823797416612
Q,S,-2.1721139027863186,-1.1974823797416612
Q,T,-2.1559012349916933,-1.1974823797416612
Q,V,-2.129420271233023,-1.1974823797416612
Q,W,-1.9944719590811237,-1.1974823797416612
Q,Y,-2.051319789062535,-1.1974823797416612
R,A,-1.920315121395449,-1.1974823797416612
R,C,-1.8761214434501072,-1.1974823797416612
R,D,-1.597893745557464,-1.1974823797416612
R,E,-1.7137402063729454,-1.1974823797416612
R,F,-1.7531526172095762,-1.1974823797416612
R,G,-1.7258207021373626,-1.1974823797416612
R,H,-1.96533545336897,-1.1974823797416612
R,I,-1.8448923923336267,-1.1974823797416612
R,K,-2.2416796971938227,-1.1974823797416612
R,L,-1.8854473667475191,-1.1974823797416612
R,M,-1.9974525018859188,-1.1974823797416612
R,N,-1.8557624606736705,-1.1974823797416612
R,P,-1.2001835274908883,-1.1974823797416612
R,Q,-2.005093359521793,-1.1974823797416612
R,S,-1.8951934079007753,-1.1974823797416612
R,T,-1.8785921226355429,-1.1974823797416612
R,V,-1.831790728546919,-1.1974823797416612
R,W,-1.7042880932811495,-1.1974823797416612
R,Y,-1.7808249883523033,-1.1974823797416612
S,A,-2.4251032727567927,-1.1974823797416612
S,C,-2.2869010078478307,-1.1974823797416612
S,D,-2.089303776366486,-1.1974823797416612
S,E,-2.1201205323257932,-1.1974823797416612
S,F,-2.03316622453237,-1.1974823797416612
S,G,-2.248494557262052,-1.1974823797416612
S,H,-2.1617865955768134,-1.1974823797416612
S,I,-2.025465686238492,-1.1974823797416612
S,K,-2.1132851027124744,-1.1974823797416612
S,L,-2.023849165841464,-1.1974823797416612
S,M,-2.1979330136034707,-1.1974823797416612
S,N,-2.3081425009879486,-1.1974823797416612
S,P,-1.768234882433407,-1.1974823797416612
S,Q,-2.187742897533957,-1.1974823797416612
S,R,-2.0643214596996167,-1.1974823797416612
S,T,-2.3974081011327697,-1.1974823797416612
S,V,-2.1145550095741856,-1.1974823797416612
S,W,-1.9252698339258305,-1.1974823797416612
S,Y,-2.0157135530141095,-1.1974823797416612
T,A,-2.2845122510659905,-1.1974823797416612
T,C,-2.2937844018459472,-1.1974823797416612
T,D,-1.8260233373679893,-1.1974823797416612
T,E,-1.966284123917042,-1.1974823797416612
T,F,-2.0076660588546096,-1.1974823797416612
T,G,-1.980800959074913,-1.1974823797416612
T,H,-2.029884726901457,-1.1974823797416612
T,I,-2.2037190607131496,-1.1974823797416612
T,K,-1.9878344957223288,-1.1974823797416612
T,L,-2.1211896066612774,-1.1974823797416612
T,M,-2.2149867603247495,-1.1974823797416612
T,N,-2.0979898606016936,-1.1974823797416612
T,P,-1.6154816099634188,-1.1974823797416612
T,Q,-2.089470536781326,-1.1974823797416612
T,R,-1.9625985435401514,-1.1974823797416612
T,S,-2.396914895263927,-1.1974823797416612
T,V,-2.293297392712568,-1.1974823797416612
T,W,-1.9199150944063488,-1.1974823797416612
T,Y,-2.029764352365236,-1.1974823797416612
V,A,-2.2401112626629116,-1.1974823797416612
V,C,-2.3620130183903045,-1.1974823797416612
V,D,-1.4855541066564104,-1.1974823797416612
V,E,-1.635108326841855,-1.1974823797416612
V,F,-2.0492779926119162,-1.1974823797416612
V,G,-1.648229781907934,-1.1974823797416612
V,H,-1.7318156916128515,-1.1974823797416612
V,I,-2.6789768141085246,-1.1974823797416612
V,K,-1.6109205568285119,-1.1974823797416612
V,L,-2.3781297932338212,-1.1974823797416612
V,M,-2.2577732078370447,-1.1974823797416612
V,N,-1.742501696195203,-1.1974823797416612
V,P,-1.4346824601095036,-1.1974823797416612
V,Q,-1.7788119830453333,-1.1974823797416612
V,R,-1.5489733243460724,-1.1974823797416612
V,S,-1.9225738195788376,-1.1974823797416612
V,T,-2.270126257153263,-1.1974823797416612
V,W,-1.8190351835678198,-1.1974823797416612
V,Y,-1.8739907188072848,-1.1974823797416612
W,A,-1.4752295234467785,-1.1974823797416612
W,C,-1.6665711238855987,-1.1974823797416612
W,D,-1.0762363182752488,-1.1974823797416612
W,E,-1.2883879045437627,-1.1974823797416612
W,F,-2.165487853016454,-1.1974823797416612
W,G,-1.3112719366337084,-1.1974823797416612
W,H,-1.613912270350003,-1.1974823797416612
W,I,-1.547593931396005,-1.1974823797416612
W,K,-1.2241130981182422,-1.1974823797416612
W,L,-1.6898533991374305,-1.1974823797416612
W,M,-1.793090720804805,-1.1974823797416612
W,N,-1.3701777146777339,-1.1974823797416612
W,P,-0.9477716605941162,-1.1974823797416612
W,Q,-1.3127729204228262,-1.1974823797416612
W,R,-1.3926005977873641,-1.1974823797416612
W,S,-1.4414700281118231,-1.1974823797416612
W,T,-1.4229527149003793,-1.1974823797416612
W,V,-1.520453551396047,-1.1974823797416612
W,Y,-2.069952024804173,-1.1974823797416612
Y,A,-1.7741744707385145,-1.1974823797416612
Y,C,-1.9449853947535176,-1.1974823797416612
Y,D,-1.5628191453954694,-1.1974823797416612
Y,E,-1.5660078271876046,-1.1974823797416612
Y,F,-2.4730403151972853,-1.1974823797416612
Y,G,-1.4978968745835561,-1.1974823797416612
Y,H,-2.1276042077126553,-1.1974823797416612
Y,I,-1.9018513369028889,-1.1974823797416612
Y,K,-1.6107619254811154,-1.1974823797416612
Y,L,-2.0116620409435155,-1.1974823797416612
Y,M,-2.0576356405538117,-1.1974823797416612
Y,N,-1.7936294631309302,-1.1974823797416612
Y,P,-1.1786276974213763,-1.1974823797416612
Y,Q,-1.772729205722955,-1.1974823797416612
Y,R,-1.6099297959053396,-1.1974823797416612
Y,S,-1.7564494109416784,-1.1974823797416612
Y,T,-1.775290061355043,-1.1974823797416612
Y,V,-1.879286845010938,-1.1974823797416612
Y,W,-2.310836892629217,-1.1974823797416612
